{
  "IsEncrypted": false,
  "Values": {
    "AzureWebJobsStorage": "UseDevelopmentStorage=true",
    "FUNCTIONS_WORKER_RUNTIME": "node",
    "AZURE_STORAGE_CONNECTION": "Optional_your_remote_storage_string_in_azure",
    "AZURE_STORAGE_CONTAINER_NAME": "optional_remote_container_name",
    "mongodbConnectionString": "mongodb://testkiridb2:rY3i8c6Q16NYcZyK01VjZPNwc5loYkorPi7ki55g4b53zKB9BAoqWRud0QBVud3ierDsLCyQMd8mWs5plGclPg==@testkiridb2.mongo.cosmos.azure.com:10255/?ssl=true&replicaSet=globaldb&retrywrites=false&maxIdleTimeMS=120000&appName=@testkiridb2@",
    "AzureWebJobs.ORC1002AzureDataCollectHandleGroupPolicyPresentationValues.Disabled": "true"
  },
  "Host": {
    "LocalHttpPort": 7071,
    "CORS": "*",
    "CORSCredentials": false
  }
}
