{
    "bindings": [{
            "authLevel": "anonymous",
            "name": "req",
            "type": "httpTrigger",
            "direction": "in",
            "route": "orchestrators/{functionName}",
            "methods": [
                "post",
                "get"
            ]
        },
        {
            "name": "$return",
            "type": "http",
            "direction": "out"
        },
        {
            "name": "starter",
            "type": "orchestrationClient",
            "direction": "in"
        }
    ],
    "scriptFile": "../dist/TRG1000HTTPTrigger/index.js"
}