{
    "bindings": [{
            "authLevel": "anonymous",
            "type": "httpTrigger",
            "direction": "in",
            "name": "req",
            "methods": [
                "get",
                "post"
            ]
        },
        {
            "type": "http",
            "direction": "out",
            "name": "res"
        },
        {
            "name": "starter",
            "type": "orchestrationClient",
            "direction": "in"
        }
    ],
    "scriptFile": "../dist/TRG1001OrchestratorListInstance/index.js"
}